Workbook

Sheet (5)
A1: Time (s) | B1: Temp ( C )
A2: 1 | B2: 5.1549187
A3: 2 | B3: 5.6742383
A4: 3 | B4: 5.2163787
A5: 4 | B5: 5.0602931
A6: 5 | B6: 5.327443
A7: 6 | B7: 5.3118394
A8: 7 | B8: 5.9309318
A9: 8 | B9: 5.2318376
A10: 9 | B10: 5.6299177
A11: 10 | B11: 5.7148489
A12: 11 | B12: 5.5937018
A13: 12 | B13: 5.1113039
... A101: 100 | B101: 5.4944846

Sheet (4)
A1: Time (s) | B1: Temp ( C )
A2: 1 | B2: 4.4459208
A3: 2 | B3: 4.5347118
A4: 3 | B4: 4.2094497
A5: 4 | B5: 4.334757
A6: 5 | B6: 4.1516648
A7: 6 | B7: 4.7333592
A8: 7 | B8: 4.4754982
A9: 8 | B9: 4.7470788
A10: 9 | B10: 4.1224781
A11: 10 | B11: 4.1138773
A12: 11 | B12: 4.5597877
A13: 12 | B13: 4.6542535
... A101: 100 | B101: 4.4327547

Sheet (3)
A1: Time (s) | B1: Temp ( C )
A2: 1 | B2: 3.319808
A3: 2 | B3: 3.3223625
A4: 3 | B4: 3.7940387
A5: 4 | B5: 3.8104777
A6: 5 | B6: 3.2015372
A7: 6 | B7: 3.03726
A8: 7 | B8: 3.9882194
A9: 8 | B9: 3.0960271
A10: 9 | B10: 3.6810893
A11: 10 | B11: 3.1987061
A12: 11 | B12: 3.129016
A13: 12 | B13: 3.5692684
... A101: 100 | B101: 3.0842578

Sheet (2)
A1: Time (s) | B1: Temp ( C )
A2: 1 | B2: 2.1698806
A3: 2 | B3: 2.200417
A4: 3 | B4: 2.9075997
A5: 4 | B5: 2.3305226
A6: 5 | B6: 2.3352507
A7: 6 | B7: 2.0774963
A8: 7 | B8: 2.0127078
A9: 8 | B9: 2.6329307
A10: 9 | B10: 2.4893455
A11: 10 | B11: 2.7676914
A12: 11 | B12: 2.8644856
A13: 12 | B13: 2.7543093
... A101: 100 | B101: 2.4335227

Sheet (1)
A1: Time (s) | B1: Temp ( C )
A2: 1 | B2: 1.4169339
A3: 2 | B3: 1.0281846
A4: 3 | B4: 1.7539892
A5: 4 | B5: 1.3473282
A6: 5 | B6: 1.0810422
A7: 6 | B7: 1.9316115
A8: 7 | B8: 1.5265625
A9: 8 | B9: 1.2642928
A10: 9 | B10: 1.0283305
A11: 10 | B11: 1.3326763
A12: 11 | B12: 1.2103692
A13: 12 | B13: 1.52939
... A101: 100 | B101: 1.6514642

Sheet Summary 1
B1: Sheet
A2: Time (s) | B2: 1 | C2: 2 | D2: 3 | E2: 4 | F2: 5
A3: 1 | B3: ='(1)'!B2 -> 1.4169339 | C3: ='(2)'!B2 -> 2.1698806 | D3: ='(3)'!B2 -> 3.319808 | E3: ='(4)'!B2 -> 4.4459208 | F3: ='(5)'!B2 -> 5.1549187
A4: 2 | B4: ='(1)'!B3 -> 1.0281846 | C4: ='(2)'!B3 -> 2.200417 | D4: ='(3)'!B3 -> 3.3223625 | E4: ='(4)'!B3 -> 4.5347118 | F4: ='(5)'!B3 -> 5.6742383
A5: 3 | B5: ='(1)'!B4 -> 1.7539892 | C5: ='(2)'!B4 -> 2.9075997 | D5: ='(3)'!B4 -> 3.7940387 | E5: ='(4)'!B4 -> 4.2094497 | F5: ='(5)'!B4 -> 5.2163787
A6: 4 | B6: ='(1)'!B5 -> 1.3473282 | C6: ='(2)'!B5 -> 2.3305226 | D6: ='(3)'!B5 -> 3.8104777 | E6: ='(4)'!B5 -> 4.334757 | F6: ='(5)'!B5 -> 5.0602931
A7: 5 | B7: ='(1)'!B6 -> 1.0810422 | C7: ='(2)'!B6 -> 2.3352507 | D7: ='(3)'!B6 -> 3.2015372 | E7: ='(4)'!B6 -> 4.1516648 | F7: ='(5)'!B6 -> 5.327443
A8: 6 | B8: ='(1)'!B7 -> 1.9316115 | C8: ='(2)'!B7 -> 2.0774963 | D8: ='(3)'!B7 -> 3.03726 | E8: ='(4)'!B7 -> 4.7333592 | F8: ='(5)'!B7 -> 5.3118394
A9: 7 | B9: ='(1)'!B8 -> 1.5265625 | C9: ='(2)'!B8 -> 2.0127078 | D9: ='(3)'!B8 -> 3.9882194 | E9: ='(4)'!B8 -> 4.4754982 | F9: ='(5)'!B8 -> 5.9309318
A10: 8 | B10: ='(1)'!B9 -> 1.2642928 | C10: ='(2)'!B9 -> 2.6329307 | D10: ='(3)'!B9 -> 3.0960271 | E10: ='(4)'!B9 -> 4.7470788 | F10: ='(5)'!B9 -> 5.2318376
A11: 9 | B11: ='(1)'!B10 -> 1.0283305 | C11: ='(2)'!B10 -> 2.4893455 | D11: ='(3)'!B10 -> 3.6810893 | E11: ='(4)'!B10 -> 4.1224781 | F11: ='(5)'!B10 -> 5.6299177
A12: 10 | B12: ='(1)'!B11 -> 1.3326763 | C12: ='(2)'!B11 -> 2.7676914 | D12: ='(3)'!B11 -> 3.1987061 | E12: ='(4)'!B11 -> 4.1138773 | F12: ='(5)'!B11 -> 5.7148489
A13: 11 | B13: ='(1)'!B12 -> 1.2103692 | C13: ='(2)'!B12 -> 2.8644856 | D13: ='(3)'!B12 -> 3.129016 | E13: ='(4)'!B12 -> 4.5597877 | F13: ='(5)'!B12 -> 5.5937018
A14: 12 | B14: ='(1)'!B13 -> 1.52939 | C14: ='(2)'!B13 -> 2.7543093 | D14: ='(3)'!B13 -> 3.5692684 | E14: ='(4)'!B13 -> 4.6542535 | F14: ='(5)'!B13 -> 5.1113039
... A102: 100 | B102: ='(1)'!B101 -> 1.6514642 | C102: ='(2)'!B101 -> 2.4335227 | D102: ='(3)'!B101 -> 3.0842578 | E102: ='(4)'!B101 -> 4.4327547 | F102: ='(5)'!B101 -> 5.4944846

Sheet Data 2
A1: Time (s) | B1: Temp ( C ) | L1: Time (s) | M1: Temp ( C )
A2: 1 | B2: 1.4169339 | L2: 1 | M2: 2.5156292
A3: 2 | B3: 1.0281846 | L3: 2 | M3: 2.6906594
A4: 3 | B4: 1.7539892 | L4: 3 | M4: 2.1206641
A5: 4 | B5: 1.3473282 | L5: 4 | M5: 2.169054
A6: 5 | B6: 1.0810422 | L6: 5 | M6: 2.448915
A7: 6 | B7: 1.9316115 | L7: 6 | M7: 2.4267286
A8: 7 | B8: 1.5265625 | L8: 7 | M8: 2.1434529
A9: 8 | B9: 1.2642928 | L9: 8 | M9: 2.6208201
A10: 9 | B10: 1.0283305 | L10: 9 | M10: 2.3023729
A11: 10 | B11: 1.3326763 | L11: 10 | M11: 2.9831175
A12: 11 | B12: 1.2103692 | L12: 11 | M12: 2.5602155
A13: 12 | B13: 1.52939 | L13: 12 | M13: 2.915907
... A101: 100 | B101: 1.6514642 | L101: 100 | M101: 2.6140461
